[
  {
    "model": "admin.logentry",
    "pk": 1,
    "fields": {
      "action_time": "2024-05-05T13:48:16.573Z",
      "user": 3,
      "content_type": 3,
      "object_id": "1",
      "object_repr": "moderator",
      "action_flag": 1,
      "change_message": "[{\"added\": {}}]"
    }
  },
  {
    "model": "admin.logentry",
    "pk": 2,
    "fields": {
      "action_time": "2024-05-05T13:49:54.872Z",
      "user": 3,
      "content_type": 8,
      "object_id": "1",
      "object_repr": "user1@test.ru",
      "action_flag": 2,
      "change_message": "[{\"changed\": {\"fields\": [\"Password\"]}}]"
    }
  },
  {
    "model": "admin.logentry",
    "pk": 3,
    "fields": {
      "action_time": "2024-05-05T13:50:08.617Z",
      "user": 3,
      "content_type": 8,
      "object_id": "1",
      "object_repr": "user1@test.ru",
      "action_flag": 2,
      "change_message": "[{\"changed\": {\"fields\": [\"Groups\"]}}]"
    }
  },
  {
    "model": "admin.logentry",
    "pk": 4,
    "fields": {
      "action_time": "2024-05-05T19:11:05.133Z",
      "user": 3,
      "content_type": 8,
      "object_id": "2",
      "object_repr": "user2@test.ru",
      "action_flag": 2,
      "change_message": "[{\"changed\": {\"fields\": [\"Password\"]}}]"
    }
  },
  {
    "model": "auth.permission",
    "pk": 1,
    "fields": {
      "name": "Can add log entry",
      "content_type": 1,
      "codename": "add_logentry"
    }
  },
  {
    "model": "auth.permission",
    "pk": 2,
    "fields": {
      "name": "Can change log entry",
      "content_type": 1,
      "codename": "change_logentry"
    }
  },
  {
    "model": "auth.permission",
    "pk": 3,
    "fields": {
      "name": "Can delete log entry",
      "content_type": 1,
      "codename": "delete_logentry"
    }
  },
  {
    "model": "auth.permission",
    "pk": 4,
    "fields": {
      "name": "Can view log entry",
      "content_type": 1,
      "codename": "view_logentry"
    }
  },
  {
    "model": "auth.permission",
    "pk": 5,
    "fields": {
      "name": "Can add permission",
      "content_type": 2,
      "codename": "add_permission"
    }
  },
  {
    "model": "auth.permission",
    "pk": 6,
    "fields": {
      "name": "Can change permission",
      "content_type": 2,
      "codename": "change_permission"
    }
  },
  {
    "model": "auth.permission",
    "pk": 7,
    "fields": {
      "name": "Can delete permission",
      "content_type": 2,
      "codename": "delete_permission"
    }
  },
  {
    "model": "auth.permission",
    "pk": 8,
    "fields": {
      "name": "Can view permission",
      "content_type": 2,
      "codename": "view_permission"
    }
  },
  {
    "model": "auth.permission",
    "pk": 9,
    "fields": {
      "name": "Can add group",
      "content_type": 3,
      "codename": "add_group"
    }
  },
  {
    "model": "auth.permission",
    "pk": 10,
    "fields": {
      "name": "Can change group",
      "content_type": 3,
      "codename": "change_group"
    }
  },
  {
    "model": "auth.permission",
    "pk": 11,
    "fields": {
      "name": "Can delete group",
      "content_type": 3,
      "codename": "delete_group"
    }
  },
  {
    "model": "auth.permission",
    "pk": 12,
    "fields": {
      "name": "Can view group",
      "content_type": 3,
      "codename": "view_group"
    }
  },
  {
    "model": "auth.permission",
    "pk": 13,
    "fields": {
      "name": "Can add content type",
      "content_type": 4,
      "codename": "add_contenttype"
    }
  },
  {
    "model": "auth.permission",
    "pk": 14,
    "fields": {
      "name": "Can change content type",
      "content_type": 4,
      "codename": "change_contenttype"
    }
  },
  {
    "model": "auth.permission",
    "pk": 15,
    "fields": {
      "name": "Can delete content type",
      "content_type": 4,
      "codename": "delete_contenttype"
    }
  },
  {
    "model": "auth.permission",
    "pk": 16,
    "fields": {
      "name": "Can view content type",
      "content_type": 4,
      "codename": "view_contenttype"
    }
  },
  {
    "model": "auth.permission",
    "pk": 17,
    "fields": {
      "name": "Can add session",
      "content_type": 5,
      "codename": "add_session"
    }
  },
  {
    "model": "auth.permission",
    "pk": 18,
    "fields": {
      "name": "Can change session",
      "content_type": 5,
      "codename": "change_session"
    }
  },
  {
    "model": "auth.permission",
    "pk": 19,
    "fields": {
      "name": "Can delete session",
      "content_type": 5,
      "codename": "delete_session"
    }
  },
  {
    "model": "auth.permission",
    "pk": 20,
    "fields": {
      "name": "Can view session",
      "content_type": 5,
      "codename": "view_session"
    }
  },
  {
    "model": "auth.permission",
    "pk": 21,
    "fields": {
      "name": "Can add Курс",
      "content_type": 6,
      "codename": "add_course"
    }
  },
  {
    "model": "auth.permission",
    "pk": 22,
    "fields": {
      "name": "Can change Курс",
      "content_type": 6,
      "codename": "change_course"
    }
  },
  {
    "model": "auth.permission",
    "pk": 23,
    "fields": {
      "name": "Can delete Курс",
      "content_type": 6,
      "codename": "delete_course"
    }
  },
  {
    "model": "auth.permission",
    "pk": 24,
    "fields": {
      "name": "Can view Курс",
      "content_type": 6,
      "codename": "view_course"
    }
  },
  {
    "model": "auth.permission",
    "pk": 25,
    "fields": {
      "name": "Can add Урок",
      "content_type": 7,
      "codename": "add_lesson"
    }
  },
  {
    "model": "auth.permission",
    "pk": 26,
    "fields": {
      "name": "Can change Урок",
      "content_type": 7,
      "codename": "change_lesson"
    }
  },
  {
    "model": "auth.permission",
    "pk": 27,
    "fields": {
      "name": "Can delete Урок",
      "content_type": 7,
      "codename": "delete_lesson"
    }
  },
  {
    "model": "auth.permission",
    "pk": 28,
    "fields": {
      "name": "Can view Урок",
      "content_type": 7,
      "codename": "view_lesson"
    }
  },
  {
    "model": "auth.permission",
    "pk": 29,
    "fields": {
      "name": "Can add Пользователь",
      "content_type": 8,
      "codename": "add_user"
    }
  },
  {
    "model": "auth.permission",
    "pk": 30,
    "fields": {
      "name": "Can change Пользователь",
      "content_type": 8,
      "codename": "change_user"
    }
  },
  {
    "model": "auth.permission",
    "pk": 31,
    "fields": {
      "name": "Can delete Пользователь",
      "content_type": 8,
      "codename": "delete_user"
    }
  },
  {
    "model": "auth.permission",
    "pk": 32,
    "fields": {
      "name": "Can view Пользователь",
      "content_type": 8,
      "codename": "view_user"
    }
  },
  {
    "model": "auth.permission",
    "pk": 33,
    "fields": {
      "name": "Can add Платеж",
      "content_type": 9,
      "codename": "add_payment"
    }
  },
  {
    "model": "auth.permission",
    "pk": 34,
    "fields": {
      "name": "Can change Платеж",
      "content_type": 9,
      "codename": "change_payment"
    }
  },
  {
    "model": "auth.permission",
    "pk": 35,
    "fields": {
      "name": "Can delete Платеж",
      "content_type": 9,
      "codename": "delete_payment"
    }
  },
  {
    "model": "auth.permission",
    "pk": 36,
    "fields": {
      "name": "Can view Платеж",
      "content_type": 9,
      "codename": "view_payment"
    }
  },
  {
    "model": "auth.permission",
    "pk": 37,
    "fields": {
      "name": "Can add Подписка на курс",
      "content_type": 10,
      "codename": "add_coursesubscription"
    }
  },
  {
    "model": "auth.permission",
    "pk": 38,
    "fields": {
      "name": "Can change Подписка на курс",
      "content_type": 10,
      "codename": "change_coursesubscription"
    }
  },
  {
    "model": "auth.permission",
    "pk": 39,
    "fields": {
      "name": "Can delete Подписка на курс",
      "content_type": 10,
      "codename": "delete_coursesubscription"
    }
  },
  {
    "model": "auth.permission",
    "pk": 40,
    "fields": {
      "name": "Can view Подписка на курс",
      "content_type": 10,
      "codename": "view_coursesubscription"
    }
  },
  {
    "model": "auth.group",
    "pk": 1,
    "fields": {
      "name": "moderator",
      "permissions": []
    }
  },
  {
    "model": "contenttypes.contenttype",
    "pk": 1,
    "fields": {
      "app_label": "admin",
      "model": "logentry"
    }
  },
  {
    "model": "contenttypes.contenttype",
    "pk": 2,
    "fields": {
      "app_label": "auth",
      "model": "permission"
    }
  },
  {
    "model": "contenttypes.contenttype",
    "pk": 3,
    "fields": {
      "app_label": "auth",
      "model": "group"
    }
  },
  {
    "model": "contenttypes.contenttype",
    "pk": 4,
    "fields": {
      "app_label": "contenttypes",
      "model": "contenttype"
    }
  },
  {
    "model": "contenttypes.contenttype",
    "pk": 5,
    "fields": {
      "app_label": "sessions",
      "model": "session"
    }
  },
  {
    "model": "contenttypes.contenttype",
    "pk": 6,
    "fields": {
      "app_label": "materials",
      "model": "course"
    }
  },
  {
    "model": "contenttypes.contenttype",
    "pk": 7,
    "fields": {
      "app_label": "materials",
      "model": "lesson"
    }
  },
  {
    "model": "contenttypes.contenttype",
    "pk": 8,
    "fields": {
      "app_label": "users",
      "model": "user"
    }
  },
  {
    "model": "contenttypes.contenttype",
    "pk": 9,
    "fields": {
      "app_label": "users",
      "model": "payment"
    }
  },
  {
    "model": "contenttypes.contenttype",
    "pk": 10,
    "fields": {
      "app_label": "materials",
      "model": "coursesubscription"
    }
  },
  {
    "model": "sessions.session",
    "pk": "62zwdolbgixzetl0nqrfmo4evn9f4t7i",
    "fields": {
      "session_data": ".eJxVjMEOwiAQBf-FsyFAgS0evfsNZFlAqgaS0p6M_64kPej1zcx7MY_7Vvze0-qXyM5sYqffLSA9Uh0g3rHeGqdWt3UJfCj8oJ1fW0zPy-H-HRTsZdQKHDoZQRoSEvIUnQZKirIRMsOsjVUoJTg7EWWhrQP1xUBWzApyYO8Pysw3Iw:1s3c9E:mZmC8icGQ81jOkY9wd--bLSe6faotZScofTr4GfcAgs",
      "expire_date": "2024-05-19T13:43:24.595Z"
    }
  },
  {
    "model": "materials.course",
    "pk": 1,
    "fields": {
      "name": "Курс английского языка",
      "preview": "",
      "description": "Курс английского языка представляет собой обучающую программу, нацеленную на развитие навыков владения английским языком. В ходе курса студенты изучают основы грамматики, лексики, а также развивают навыки аудирования, чтения, письма и устной речи. Программа курса обычно включает в себя разнообразные учебные материалы, такие как тексты, аудиозаписи, видеоуроки и интерактивные упражнения, что способствует эффективному усвоению материала. Целью курса является помощь студентам достичь комфортного уровня владения английским языком, который позволит им успешно общаться на английском как на повседневном, так и на профессиональном уровне.",
      "owner": null,
      "price": 10000
    }
  },
  {
    "model": "materials.course",
    "pk": 2,
    "fields": {
      "name": "Курс по программированию",
      "preview": "",
      "description": "Курс по программированию представляет собой обучающую программу, направленную на освоение основных принципов и навыков программирования. Студенты изучают основы синтаксиса выбранного языка программирования, типы данных, структуры управления, функции и основные алгоритмы. В ходе курса они также знакомятся с практическими навыками разработки программного обеспечения, включая отладку кода, работу с различными инструментами и понятиями разработки, а также с методами решения задач и проектирования программных решений. Целью курса является помощь студентам в освоении фундаментальных принципов программирования и развитии навыков, необходимых для создания программных продуктов на практике.",
      "owner": null,
      "price": 10000
    }
  },
  {
    "model": "materials.course",
    "pk": 3,
    "fields": {
      "name": "Курс по основам финансовой граммотности",
      "preview": "",
      "description": "Курс представляет собой обучающую программу, которая охватывает основные аспекты финансового управления и планирования. В ходе курса студенты учатся основам личных финансов, включая бюджетирование, управление долгами, инвестирование и понятия финансовой стабильности. Курс также может включать в себя анализ финансовых инструментов, таких как акции, облигации, страхование и пенсионное планирование. Целью курса является помощь студентам в развитии финансовых навыков и принятии информированных финансовых решений в повседневной жизни.",
      "owner": null,
      "price": 10000
    }
  },
  {
    "model": "materials.course",
    "pk": 4,
    "fields": {
      "name": "Курс по введению в психологию",
      "preview": "",
      "description": "Курс представляет собой вводное обучающее мероприятие, знакомящее студентов с основными концепциями и принципами психологии. В ходе курса студенты изучают основные направления психологии, такие как психоанализ, поведенческая психология, когнитивная психология, социальная психология и другие. Они также знакомятся с методами исследования в психологии, основными теориями личности, психическими процессами и принципами развития человека от детства до зрелости. Цель курса - дать студентам базовое понимание основных аспектов человеческой психики и поведения, что может быть полезно как для личного роста, так и для применения в различных областях, таких как образование, здравоохранение, социальная работа и менеджмент.",
      "owner": null,
      "price": 10000
    }
  },
  {
    "model": "materials.course",
    "pk": 5,
    "fields": {
      "name": "Курс по основам фотографии",
      "preview": "",
      "description": "Курс представляет собой обучающую программу, направленную на овладение основными принципами и навыками в области фотографии. В ходе курса студенты узнают о основах работы с фотоаппаратом, включая настройку параметров экспозиции (диафрагмы, выдержки, ISO), композицию кадра, использование света и цвета. Они также изучают основные техники обработки фотографий с помощью программных инструментов, таких как Adobe Photoshop или Lightroom. Курс может также включать в себя изучение истории фотографии, известных фотографов и их работы, а также различных жанров и стилей фотографии. Целью курса является помощь студентам в освоении основных техник и принципов фотографии для создания качественных и выразительных изображений.",
      "owner": null,
      "price": 10000
    }
  },
  {
    "model": "materials.course",
    "pk": 6,
    "fields": {
      "name": "Курс 15",
      "preview": "",
      "description": "Проверка",
      "owner": 3,
      "price": 10000
    }
  },
  {
    "model": "materials.course",
    "pk": 7,
    "fields": {
      "name": "youtube",
      "preview": "",
      "description": "Обязательное поле.",
      "owner": 3,
      "price": 10000
    }
  },
  {
    "model": "materials.course",
    "pk": 8,
    "fields": {
      "name": "youtube",
      "preview": "",
      "description": "Проверка",
      "owner": 3,
      "price": 10000
    }
  },
  {
    "model": "materials.course",
    "pk": 9,
    "fields": {
      "name": "Курс 1",
      "preview": "",
      "description": "",
      "owner": null,
      "price": 10000
    }
  },
  {
    "model": "materials.course",
    "pk": 10,
    "fields": {
      "name": "Курс 2",
      "preview": "",
      "description": "",
      "owner": null,
      "price": 10000
    }
  },
  {
    "model": "materials.lesson",
    "pk": 1,
    "fields": {
      "course": 1,
      "name": "Урок 1: Приветствие и знакомство",
      "description": "Основные фразы для приветствия и представления. Знакомство с алфавитом и правильным произношением букв.",
      "preview": "",
      "video": null,
      "owner": null
    }
  },
  {
    "model": "materials.lesson",
    "pk": 2,
    "fields": {
      "course": 1,
      "name": "Урок 2: Числа и время",
      "description": "Изучение числительных и выражение времени. Практика описания расписания и планирования.",
      "preview": "",
      "video": null,
      "owner": null
    }
  },
  {
    "model": "materials.lesson",
    "pk": 3,
    "fields": {
      "course": 1,
      "name": "Урок 3: Семья и друзья",
      "description": "Расширение словарного запаса по теме семьи и друзей.Упражнения на использование притяжательных местоимений и описание людей.",
      "preview": "",
      "video": null,
      "owner": null
    }
  },
  {
    "model": "materials.lesson",
    "pk": 4,
    "fields": {
      "course": 2,
      "name": "Урок 1: Введение в программирование",
      "description": "Основы программирования и его значение. Знакомство с выбранным языком программирования и его средой разработки.",
      "preview": "",
      "video": null,
      "owner": null
    }
  },
  {
    "model": "materials.lesson",
    "pk": 5,
    "fields": {
      "course": 2,
      "name": "Урок 2: Основы синтаксиса",
      "description": "Переменные, типы данных и операторы.\nРабота с числами, строками и списками.",
      "preview": "",
      "video": null,
      "owner": null
    }
  },
  {
    "model": "materials.lesson",
    "pk": 6,
    "fields": {
      "course": 2,
      "name": "Урок 3: Управляющие структуры",
      "description": "Условные операторы и циклы. Использование условных выражений для принятия решений и циклов для выполнения повторяющихся задач.",
      "preview": "",
      "video": null,
      "owner": null
    }
  },
  {
    "model": "materials.lesson",
    "pk": 7,
    "fields": {
      "course": 3,
      "name": "Урок 1: Введение в финансовую грамотность",
      "description": "Значение финансовой грамотности в повседневной жизни. Основные понятия и принципы управления финансами.",
      "preview": "",
      "video": null,
      "owner": null
    }
  },
  {
    "model": "materials.lesson",
    "pk": 8,
    "fields": {
      "course": 3,
      "name": "Урок 2: Бюджетирование и управление доходами",
      "description": "Основы составления личного бюджета. Способы управления доходами и расходами.",
      "preview": "",
      "video": null,
      "owner": null
    }
  },
  {
    "model": "materials.lesson",
    "pk": 9,
    "fields": {
      "course": 3,
      "name": "Урок 3: Управление долгами и кредитами",
      "description": "Понимание различных видов долгов и кредитных продуктов. Стратегии управления и погашения долгов.",
      "preview": "",
      "video": null,
      "owner": null
    }
  },
  {
    "model": "materials.lesson",
    "pk": 10,
    "fields": {
      "course": 4,
      "name": "Урок 1: Введение в психологию",
      "description": "Определение психологии и ее области исследования. История развития психологии как науки.",
      "preview": "",
      "video": null,
      "owner": null
    }
  },
  {
    "model": "materials.lesson",
    "pk": 11,
    "fields": {
      "course": 4,
      "name": "Урок 2: Методы психологического исследования",
      "description": "Основные методы исследования в психологии: наблюдение, опрос, эксперимент. Этические принципы в психологических исследованиях.",
      "preview": "",
      "video": null,
      "owner": null
    }
  },
  {
    "model": "materials.lesson",
    "pk": 12,
    "fields": {
      "course": 4,
      "name": "Урок 3: Психология сознания и восприятия",
      "description": "Понятие сознания и его основные составляющие. Восприятие сенсорных данных и основные законы восприятия.",
      "preview": "",
      "video": null,
      "owner": null
    }
  },
  {
    "model": "materials.lesson",
    "pk": 13,
    "fields": {
      "course": 5,
      "name": "Урок 1: Знакомство с фотографией",
      "description": "История фотографии и ее значение в современном мире. Основные компоненты фотоаппарата и их функции.",
      "preview": "",
      "video": null,
      "owner": null
    }
  },
  {
    "model": "materials.lesson",
    "pk": 14,
    "fields": {
      "course": 5,
      "name": "Урок 2: Элементы композиции",
      "description": "Основные принципы композиции в фотографии: равновесие, рамка, перспектива и т. д. Применение правил третей и золотого сечения для создания интересных кадров.",
      "preview": "",
      "video": null,
      "owner": null
    }
  },
  {
    "model": "materials.lesson",
    "pk": 15,
    "fields": {
      "course": 5,
      "name": "Урок 3: Освещение и цвет",
      "description": "Влияние освещения на качество фотографии. Основные типы света и их использование в различных условиях.",
      "preview": "",
      "video": null,
      "owner": null
    }
  },
  {
    "model": "materials.lesson",
    "pk": 17,
    "fields": {
      "course": null,
      "name": "Урок 1",
      "description": "",
      "preview": "",
      "video": null,
      "owner": null
    }
  },
  {
    "model": "materials.lesson",
    "pk": 18,
    "fields": {
      "course": null,
      "name": "Урок 2",
      "description": "",
      "preview": "",
      "video": null,
      "owner": null
    }
  },
  {
    "model": "users.user",
    "pk": 1,
    "fields": {
      "password": "2797",
      "last_login": null,
      "is_superuser": false,
      "first_name": "",
      "last_name": "",
      "is_staff": false,
      "is_active": true,
      "date_joined": "2024-05-01T16:46:05Z",
      "email": "user1@test.ru",
      "avatar": "",
      "phone_number": null,
      "city": null,
      "groups": [
        1
      ],
      "user_permissions": []
    }
  },
  {
    "model": "users.user",
    "pk": 2,
    "fields": {
      "password": "7685",
      "last_login": null,
      "is_superuser": false,
      "first_name": "",
      "last_name": "",
      "is_staff": false,
      "is_active": true,
      "date_joined": "2024-05-01T16:46:05Z",
      "email": "user2@test.ru",
      "avatar": "",
      "phone_number": null,
      "city": null,
      "groups": [],
      "user_permissions": []
    }
  },
  {
    "model": "users.user",
    "pk": 3,
    "fields": {
      "password": "pbkdf2_sha256$600000$ofe9p4Vu1onL0p27mHxcXT$//OtDCUph/SZCdBZaWH0GQx0oUYgWTf8NKwuCAULSuY=",
      "last_login": "2024-05-05T13:43:24.587Z",
      "is_superuser": true,
      "first_name": "Admin",
      "last_name": "SkyPro",
      "is_staff": true,
      "is_active": true,
      "date_joined": "2024-05-05T12:51:51.660Z",
      "email": "mezentsew@mail.ru",
      "avatar": "",
      "phone_number": null,
      "city": null,
      "groups": [],
      "user_permissions": []
    }
  },
  {
    "model": "users.payment",
    "pk": 5,
    "fields": {
      "user": null,
      "payment_date": "2024-05-12",
      "paid_course": 9,
      "paid_lesson": null,
      "payment_amount": 170,
      "payment_type": "cash",
      "session_id": null,
      "link": null
    }
  },
  {
    "model": "users.payment",
    "pk": 6,
    "fields": {
      "user": null,
      "payment_date": "2024-05-12",
      "paid_course": 10,
      "paid_lesson": null,
      "payment_amount": 356,
      "payment_type": "spend",
      "session_id": null,
      "link": null
    }
  },
  {
    "model": "users.payment",
    "pk": 7,
    "fields": {
      "user": null,
      "payment_date": "2024-05-12",
      "paid_course": 10,
      "paid_lesson": 17,
      "payment_amount": 789,
      "payment_type": "cash",
      "session_id": null,
      "link": null
    }
  },
  {
    "model": "users.payment",
    "pk": 8,
    "fields": {
      "user": null,
      "payment_date": "2024-05-12",
      "paid_course": 9,
      "paid_lesson": 18,
      "payment_amount": 834,
      "payment_type": "spend",
      "session_id": null,
      "link": null
    }
  },
  {
    "model": "users.payment",
    "pk": 11,
    "fields": {
      "user": null,
      "payment_date": "2024-05-13",
      "paid_course": null,
      "paid_lesson": null,
      "payment_amount": 5000,
      "payment_type": null,
      "session_id": null,
      "link": null
    }
  },
  {
    "model": "users.payment",
    "pk": 12,
    "fields": {
      "user": null,
      "payment_date": "2024-05-13",
      "paid_course": null,
      "paid_lesson": null,
      "payment_amount": 5000,
      "payment_type": null,
      "session_id": null,
      "link": null
    }
  },
  {
    "model": "users.payment",
    "pk": 13,
    "fields": {
      "user": null,
      "payment_date": "2024-05-13",
      "paid_course": null,
      "paid_lesson": null,
      "payment_amount": null,
      "payment_type": null,
      "session_id": null,
      "link": null
    }
  },
  {
    "model": "users.payment",
    "pk": 14,
    "fields": {
      "user": null,
      "payment_date": "2024-05-13",
      "paid_course": null,
      "paid_lesson": null,
      "payment_amount": null,
      "payment_type": null,
      "session_id": null,
      "link": null
    }
  },
  {
    "model": "users.payment",
    "pk": 15,
    "fields": {
      "user": null,
      "payment_date": "2024-05-13",
      "paid_course": null,
      "paid_lesson": null,
      "payment_amount": null,
      "payment_type": null,
      "session_id": null,
      "link": null
    }
  },
  {
    "model": "users.payment",
    "pk": 16,
    "fields": {
      "user": null,
      "payment_date": "2024-05-13",
      "paid_course": null,
      "paid_lesson": null,
      "payment_amount": null,
      "payment_type": null,
      "session_id": null,
      "link": null
    }
  },
  {
    "model": "users.payment",
    "pk": 17,
    "fields": {
      "user": null,
      "payment_date": "2024-05-13",
      "paid_course": null,
      "paid_lesson": null,
      "payment_amount": null,
      "payment_type": null,
      "session_id": null,
      "link": null
    }
  },
  {
    "model": "users.payment",
    "pk": 18,
    "fields": {
      "user": null,
      "payment_date": "2024-05-13",
      "paid_course": null,
      "paid_lesson": null,
      "payment_amount": null,
      "payment_type": null,
      "session_id": null,
      "link": null
    }
  },
  {
    "model": "users.payment",
    "pk": 19,
    "fields": {
      "user": null,
      "payment_date": "2024-05-13",
      "paid_course": null,
      "paid_lesson": null,
      "payment_amount": null,
      "payment_type": null,
      "session_id": null,
      "link": null
    }
  },
  {
    "model": "users.payment",
    "pk": 20,
    "fields": {
      "user": null,
      "payment_date": "2024-05-13",
      "paid_course": null,
      "paid_lesson": null,
      "payment_amount": null,
      "payment_type": null,
      "session_id": null,
      "link": null
    }
  },
  {
    "model": "users.payment",
    "pk": 21,
    "fields": {
      "user": null,
      "payment_date": "2024-05-13",
      "paid_course": null,
      "paid_lesson": null,
      "payment_amount": null,
      "payment_type": null,
      "session_id": null,
      "link": null
    }
  },
  {
    "model": "users.payment",
    "pk": 22,
    "fields": {
      "user": null,
      "payment_date": "2024-05-13",
      "paid_course": null,
      "paid_lesson": null,
      "payment_amount": null,
      "payment_type": null,
      "session_id": null,
      "link": null
    }
  },
  {
    "model": "users.payment",
    "pk": 23,
    "fields": {
      "user": null,
      "payment_date": "2024-05-13",
      "paid_course": null,
      "paid_lesson": null,
      "payment_amount": null,
      "payment_type": null,
      "session_id": null,
      "link": null
    }
  },
  {
    "model": "users.payment",
    "pk": 24,
    "fields": {
      "user": null,
      "payment_date": "2024-05-13",
      "paid_course": null,
      "paid_lesson": null,
      "payment_amount": null,
      "payment_type": null,
      "session_id": null,
      "link": null
    }
  },
  {
    "model": "users.payment",
    "pk": 25,
    "fields": {
      "user": null,
      "payment_date": "2024-05-13",
      "paid_course": null,
      "paid_lesson": null,
      "payment_amount": null,
      "payment_type": null,
      "session_id": null,
      "link": null
    }
  },
  {
    "model": "users.payment",
    "pk": 26,
    "fields": {
      "user": null,
      "payment_date": "2024-05-13",
      "paid_course": null,
      "paid_lesson": null,
      "payment_amount": null,
      "payment_type": null,
      "session_id": null,
      "link": null
    }
  },
  {
    "model": "users.payment",
    "pk": 27,
    "fields": {
      "user": null,
      "payment_date": "2024-05-13",
      "paid_course": null,
      "paid_lesson": null,
      "payment_amount": null,
      "payment_type": null,
      "session_id": null,
      "link": null
    }
  },
  {
    "model": "users.payment",
    "pk": 28,
    "fields": {
      "user": null,
      "payment_date": "2024-05-13",
      "paid_course": null,
      "paid_lesson": null,
      "payment_amount": null,
      "payment_type": null,
      "session_id": null,
      "link": null
    }
  },
  {
    "model": "users.payment",
    "pk": 29,
    "fields": {
      "user": null,
      "payment_date": "2024-05-13",
      "paid_course": null,
      "paid_lesson": null,
      "payment_amount": null,
      "payment_type": null,
      "session_id": null,
      "link": null
    }
  },
  {
    "model": "users.payment",
    "pk": 30,
    "fields": {
      "user": null,
      "payment_date": "2024-05-13",
      "paid_course": null,
      "paid_lesson": null,
      "payment_amount": null,
      "payment_type": null,
      "session_id": null,
      "link": null
    }
  },
  {
    "model": "users.payment",
    "pk": 31,
    "fields": {
      "user": null,
      "payment_date": "2024-05-13",
      "paid_course": null,
      "paid_lesson": null,
      "payment_amount": null,
      "payment_type": null,
      "session_id": null,
      "link": null
    }
  },
  {
    "model": "users.payment",
    "pk": 32,
    "fields": {
      "user": null,
      "payment_date": "2024-05-13",
      "paid_course": null,
      "paid_lesson": null,
      "payment_amount": null,
      "payment_type": null,
      "session_id": null,
      "link": null
    }
  },
  {
    "model": "users.payment",
    "pk": 33,
    "fields": {
      "user": null,
      "payment_date": "2024-05-13",
      "paid_course": null,
      "paid_lesson": null,
      "payment_amount": null,
      "payment_type": null,
      "session_id": null,
      "link": null
    }
  },
  {
    "model": "users.payment",
    "pk": 34,
    "fields": {
      "user": null,
      "payment_date": "2024-05-13",
      "paid_course": null,
      "paid_lesson": null,
      "payment_amount": null,
      "payment_type": null,
      "session_id": null,
      "link": null
    }
  },
  {
    "model": "users.payment",
    "pk": 35,
    "fields": {
      "user": null,
      "payment_date": "2024-05-13",
      "paid_course": null,
      "paid_lesson": null,
      "payment_amount": null,
      "payment_type": null,
      "session_id": null,
      "link": null
    }
  },
  {
    "model": "users.payment",
    "pk": 36,
    "fields": {
      "user": null,
      "payment_date": "2024-05-13",
      "paid_course": 3,
      "paid_lesson": null,
      "payment_amount": null,
      "payment_type": "card",
      "session_id": null,
      "link": null
    }
  },
  {
    "model": "users.payment",
    "pk": 37,
    "fields": {
      "user": null,
      "payment_date": "2024-05-13",
      "paid_course": 3,
      "paid_lesson": null,
      "payment_amount": null,
      "payment_type": "card",
      "session_id": null,
      "link": null
    }
  },
  {
    "model": "users.payment",
    "pk": 38,
    "fields": {
      "user": null,
      "payment_date": "2024-05-13",
      "paid_course": 3,
      "paid_lesson": null,
      "payment_amount": null,
      "payment_type": "cash",
      "session_id": null,
      "link": null
    }
  },
  {
    "model": "users.payment",
    "pk": 39,
    "fields": {
      "user": null,
      "payment_date": "2024-05-13",
      "paid_course": 3,
      "paid_lesson": null,
      "payment_amount": null,
      "payment_type": "card",
      "session_id": null,
      "link": null
    }
  },
  {
    "model": "users.payment",
    "pk": 40,
    "fields": {
      "user": null,
      "payment_date": "2024-05-13",
      "paid_course": 3,
      "paid_lesson": null,
      "payment_amount": null,
      "payment_type": "card",
      "session_id": null,
      "link": null
    }
  },
  {
    "model": "users.payment",
    "pk": 41,
    "fields": {
      "user": null,
      "payment_date": "2024-05-13",
      "paid_course": 3,
      "paid_lesson": null,
      "payment_amount": null,
      "payment_type": "card",
      "session_id": null,
      "link": null
    }
  },
  {
    "model": "users.payment",
    "pk": 42,
    "fields": {
      "user": null,
      "payment_date": "2024-05-13",
      "paid_course": 1,
      "paid_lesson": null,
      "payment_amount": null,
      "payment_type": "card",
      "session_id": null,
      "link": null
    }
  },
  {
    "model": "users.payment",
    "pk": 43,
    "fields": {
      "user": null,
      "payment_date": "2024-05-13",
      "paid_course": 1,
      "paid_lesson": null,
      "payment_amount": null,
      "payment_type": "card",
      "session_id": null,
      "link": null
    }
  },
  {
    "model": "users.payment",
    "pk": 44,
    "fields": {
      "user": null,
      "payment_date": "2024-05-13",
      "paid_course": 1,
      "paid_lesson": null,
      "payment_amount": null,
      "payment_type": "card",
      "session_id": null,
      "link": null
    }
  },
  {
    "model": "users.payment",
    "pk": 45,
    "fields": {
      "user": null,
      "payment_date": "2024-05-13",
      "paid_course": 1,
      "paid_lesson": null,
      "payment_amount": null,
      "payment_type": "card",
      "session_id": null,
      "link": null
    }
  },
  {
    "model": "users.payment",
    "pk": 46,
    "fields": {
      "user": null,
      "payment_date": "2024-05-13",
      "paid_course": 1,
      "paid_lesson": null,
      "payment_amount": null,
      "payment_type": "card",
      "session_id": null,
      "link": null
    }
  },
  {
    "model": "users.payment",
    "pk": 47,
    "fields": {
      "user": null,
      "payment_date": "2024-05-13",
      "paid_course": 1,
      "paid_lesson": null,
      "payment_amount": 95,
      "payment_type": "card",
      "session_id": "cs_test_a1pYYwbmOGyZuClBYEN79NBGtsoBqTPe1y7gOd6141swlcjbAF5hZfN8Te",
      "link": "https://checkout.stripe.com/c/pay/cs_test_a1pYYwbmOGyZuClBYEN79NBGtsoBqTPe1y7gOd6141swlcjbAF5hZfN8Te#fidkdWxOYHwnPyd1blpxYHZxWjA0VUN%2FMXFOfWd1RnNTb3F2MWB1Rmg0a19SfWpGamlBbElfRlZQVXNpT1BrfUpudkdhYE49U1BOZ2J3TWNMUGlHQUpzN2lkaGliZGZIYFJrQHRydX1uY0FJNTVzMTFHVmNsdCcpJ2N3amhWYHdzYHcnP3F3cGApJ2lkfGpwcVF8dWAnPyd2bGtiaWBabHFgaCcpJ2BrZGdpYFVpZGZgbWppYWB3dic%2FcXdwYHgl"
    }
  },
  {
    "model": "users.payment",
    "pk": 48,
    "fields": {
      "user": null,
      "payment_date": "2024-05-13",
      "paid_course": 2,
      "paid_lesson": null,
      "payment_amount": 95,
      "payment_type": "cash",
      "session_id": "cs_test_a1Zh81BsqBAScBrgo5kT1wxB7zIdANf1dDoXPZA6qFXGcmQdbdoUbtRb0L",
      "link": "https://checkout.stripe.com/c/pay/cs_test_a1Zh81BsqBAScBrgo5kT1wxB7zIdANf1dDoXPZA6qFXGcmQdbdoUbtRb0L#fidkdWxOYHwnPyd1blpxYHZxWjA0VUN%2FMXFOfWd1RnNTb3F2MWB1Rmg0a19SfWpGamlBbElfRlZQVXNpT1BrfUpudkdhYE49U1BOZ2J3TWNMUGlHQUpzN2lkaGliZGZIYFJrQHRydX1uY0FJNTVzMTFHVmNsdCcpJ2N3amhWYHdzYHcnP3F3cGApJ2lkfGpwcVF8dWAnPyd2bGtiaWBabHFgaCcpJ2BrZGdpYFVpZGZgbWppYWB3dic%2FcXdwYHgl"
    }
  },
  {
    "model": "users.payment",
    "pk": 49,
    "fields": {
      "user": 3,
      "payment_date": "2024-05-13",
      "paid_course": 3,
      "paid_lesson": null,
      "payment_amount": 95,
      "payment_type": "card",
      "session_id": "cs_test_a1IQnuxTahzkRjDaatz9KXybraUorKIa7yHKrkXInXgIOa6bmDUBZq09ns",
      "link": "https://checkout.stripe.com/c/pay/cs_test_a1IQnuxTahzkRjDaatz9KXybraUorKIa7yHKrkXInXgIOa6bmDUBZq09ns#fidkdWxOYHwnPyd1blpxYHZxWjA0VUN%2FMXFOfWd1RnNTb3F2MWB1Rmg0a19SfWpGamlBbElfRlZQVXNpT1BrfUpudkdhYE49U1BOZ2J3TWNMUGlHQUpzN2lkaGliZGZIYFJrQHRydX1uY0FJNTVzMTFHVmNsdCcpJ2N3amhWYHdzYHcnP3F3cGApJ2lkfGpwcVF8dWAnPyd2bGtiaWBabHFgaCcpJ2BrZGdpYFVpZGZgbWppYWB3dic%2FcXdwYHgl"
    }
  },
  {
    "model": "users.payment",
    "pk": 50,
    "fields": {
      "user": 3,
      "payment_date": "2024-05-14",
      "paid_course": 3,
      "paid_lesson": null,
      "payment_amount": 95,
      "payment_type": "card",
      "session_id": "cs_test_a1MsqpDKKX55t4DEPWMUconrDErxkkMqmGloC43Q2mj0ay4VrLQ70yBSrR",
      "link": "https://checkout.stripe.com/c/pay/cs_test_a1MsqpDKKX55t4DEPWMUconrDErxkkMqmGloC43Q2mj0ay4VrLQ70yBSrR#fidkdWxOYHwnPyd1blpxYHZxWjA0VUN%2FMXFOfWd1RnNTb3F2MWB1Rmg0a19SfWpGamlBbElfRlZQVXNpT1BrfUpudkdhYE49U1BOZ2J3TWNMUGlHQUpzN2lkaGliZGZIYFJrQHRydX1uY0FJNTVzMTFHVmNsdCcpJ2N3amhWYHdzYHcnP3F3cGApJ2lkfGpwcVF8dWAnPyd2bGtiaWBabHFgaCcpJ2BrZGdpYFVpZGZgbWppYWB3dic%2FcXdwYHgl"
    }
  },
  {
    "model": "users.payment",
    "pk": 51,
    "fields": {
      "user": 3,
      "payment_date": "2024-05-14",
      "paid_course": 3,
      "paid_lesson": null,
      "payment_amount": 95,
      "payment_type": "card",
      "session_id": "cs_test_a1ZZG1N1IfRrBcmLUDjmxUSG2cB2Mw2h8fhny79a3bzYnGjpOUIO6lnKra",
      "link": "https://checkout.stripe.com/c/pay/cs_test_a1ZZG1N1IfRrBcmLUDjmxUSG2cB2Mw2h8fhny79a3bzYnGjpOUIO6lnKra#fidkdWxOYHwnPyd1blpxYHZxWjA0VUN%2FMXFOfWd1RnNTb3F2MWB1Rmg0a19SfWpGamlBbElfRlZQVXNpT1BrfUpudkdhYE49U1BOZ2J3TWNMUGlHQUpzN2lkaGliZGZIYFJrQHRydX1uY0FJNTVzMTFHVmNsdCcpJ2N3amhWYHdzYHcnP3F3cGApJ2lkfGpwcVF8dWAnPyd2bGtiaWBabHFgaCcpJ2BrZGdpYFVpZGZgbWppYWB3dic%2FcXdwYHgl"
    }
  },
  {
    "model": "users.payment",
    "pk": 52,
    "fields": {
      "user": 3,
      "payment_date": "2024-05-14",
      "paid_course": 3,
      "paid_lesson": null,
      "payment_amount": 95,
      "payment_type": "card",
      "session_id": "cs_test_a1n113TPbsW5SdtSQ2sqJ0042RRyu0Jg6DvPWDDF9BOOUZb5UROpHAWY4b",
      "link": "https://checkout.stripe.com/c/pay/cs_test_a1n113TPbsW5SdtSQ2sqJ0042RRyu0Jg6DvPWDDF9BOOUZb5UROpHAWY4b#fidkdWxOYHwnPyd1blpxYHZxWjA0VUN%2FMXFOfWd1RnNTb3F2MWB1Rmg0a19SfWpGamlBbElfRlZQVXNpT1BrfUpudkdhYE49U1BOZ2J3TWNMUGlHQUpzN2lkaGliZGZIYFJrQHRydX1uY0FJNTVzMTFHVmNsdCcpJ2N3amhWYHdzYHcnP3F3cGApJ2lkfGpwcVF8dWAnPyd2bGtiaWBabHFgaCcpJ2BrZGdpYFVpZGZgbWppYWB3dic%2FcXdwYHgl"
    }
  },
  {
    "model": "users.payment",
    "pk": 53,
    "fields": {
      "user": 3,
      "payment_date": "2024-05-14",
      "paid_course": 5,
      "paid_lesson": null,
      "payment_amount": 95,
      "payment_type": "card",
      "session_id": "cs_test_a1d5VoklSUYTxRoukEjnU1rr39YMdT0lZuPfn0zFpOlIFsHX0JgVK42iJ8",
      "link": "https://checkout.stripe.com/c/pay/cs_test_a1d5VoklSUYTxRoukEjnU1rr39YMdT0lZuPfn0zFpOlIFsHX0JgVK42iJ8#fidkdWxOYHwnPyd1blpxYHZxWjA0VUN%2FMXFOfWd1RnNTb3F2MWB1Rmg0a19SfWpGamlBbElfRlZQVXNpT1BrfUpudkdhYE49U1BOZ2J3TWNMUGlHQUpzN2lkaGliZGZIYFJrQHRydX1uY0FJNTVzMTFHVmNsdCcpJ2N3amhWYHdzYHcnP3F3cGApJ2lkfGpwcVF8dWAnPyd2bGtiaWBabHFgaCcpJ2BrZGdpYFVpZGZgbWppYWB3dic%2FcXdwYHgl"
    }
  },
  {
    "model": "users.payment",
    "pk": 54,
    "fields": {
      "user": 3,
      "payment_date": "2024-05-14",
      "paid_course": 4,
      "paid_lesson": null,
      "payment_amount": 95,
      "payment_type": "card",
      "session_id": "cs_test_a16oCt7x2sPhnlroL98otSPb90V8TifjvqVO4LzD5w9FOTKF0cFzfQb4Af",
      "link": "https://checkout.stripe.com/c/pay/cs_test_a16oCt7x2sPhnlroL98otSPb90V8TifjvqVO4LzD5w9FOTKF0cFzfQb4Af#fidkdWxOYHwnPyd1blpxYHZxWjA0VUN%2FMXFOfWd1RnNTb3F2MWB1Rmg0a19SfWpGamlBbElfRlZQVXNpT1BrfUpudkdhYE49U1BOZ2J3TWNMUGlHQUpzN2lkaGliZGZIYFJrQHRydX1uY0FJNTVzMTFHVmNsdCcpJ2N3amhWYHdzYHcnP3F3cGApJ2lkfGpwcVF8dWAnPyd2bGtiaWBabHFgaCcpJ2BrZGdpYFVpZGZgbWppYWB3dic%2FcXdwYHgl"
    }
  },
  {
    "model": "users.payment",
    "pk": 55,
    "fields": {
      "user": 3,
      "payment_date": "2024-05-14",
      "paid_course": 4,
      "paid_lesson": null,
      "payment_amount": 95,
      "payment_type": "card",
      "session_id": "cs_test_a19QoTJtObUe7IngIPtIXn0zyNYRt2URehnNZrY478SAc1wvnkEqzisXzC",
      "link": "https://checkout.stripe.com/c/pay/cs_test_a19QoTJtObUe7IngIPtIXn0zyNYRt2URehnNZrY478SAc1wvnkEqzisXzC#fidkdWxOYHwnPyd1blpxYHZxWjA0VUN%2FMXFOfWd1RnNTb3F2MWB1Rmg0a19SfWpGamlBbElfRlZQVXNpT1BrfUpudkdhYE49U1BOZ2J3TWNMUGlHQUpzN2lkaGliZGZIYFJrQHRydX1uY0FJNTVzMTFHVmNsdCcpJ2N3amhWYHdzYHcnP3F3cGApJ2lkfGpwcVF8dWAnPyd2bGtiaWBabHFgaCcpJ2BrZGdpYFVpZGZgbWppYWB3dic%2FcXdwYHgl"
    }
  },
  {
    "model": "users.payment",
    "pk": 56,
    "fields": {
      "user": 3,
      "payment_date": "2024-05-14",
      "paid_course": 4,
      "paid_lesson": null,
      "payment_amount": 50000,
      "payment_type": "card",
      "session_id": null,
      "link": null
    }
  },
  {
    "model": "users.payment",
    "pk": 57,
    "fields": {
      "user": 3,
      "payment_date": "2024-05-14",
      "paid_course": 4,
      "paid_lesson": null,
      "payment_amount": 95,
      "payment_type": "card",
      "session_id": "cs_test_a19Z8axpPFwsw51HyBpl1DmafZEUmLIz6igJkvGclGCuWssTNVNK4cpHoG",
      "link": "https://checkout.stripe.com/c/pay/cs_test_a19Z8axpPFwsw51HyBpl1DmafZEUmLIz6igJkvGclGCuWssTNVNK4cpHoG#fidkdWxOYHwnPyd1blpxYHZxWjA0VUN%2FMXFOfWd1RnNTb3F2MWB1Rmg0a19SfWpGamlBbElfRlZQVXNpT1BrfUpudkdhYE49U1BOZ2J3TWNMUGlHQUpzN2lkaGliZGZIYFJrQHRydX1uY0FJNTVzMTFHVmNsdCcpJ2N3amhWYHdzYHcnP3F3cGApJ2lkfGpwcVF8dWAnPyd2bGtiaWBabHFgaCcpJ2BrZGdpYFVpZGZgbWppYWB3dic%2FcXdwYHgl"
    }
  },
  {
    "model": "users.payment",
    "pk": 58,
    "fields": {
      "user": 3,
      "payment_date": "2024-05-14",
      "paid_course": 4,
      "paid_lesson": null,
      "payment_amount": 95,
      "payment_type": "card",
      "session_id": "cs_test_a1ix9VCYg2WmzU0CBUnHW4JkkDkHmXn7W6bsjLrvhfdOeth0i1LAx91cBL",
      "link": "https://checkout.stripe.com/c/pay/cs_test_a1ix9VCYg2WmzU0CBUnHW4JkkDkHmXn7W6bsjLrvhfdOeth0i1LAx91cBL#fidkdWxOYHwnPyd1blpxYHZxWjA0VUN%2FMXFOfWd1RnNTb3F2MWB1Rmg0a19SfWpGamlBbElfRlZQVXNpT1BrfUpudkdhYE49U1BOZ2J3TWNMUGlHQUpzN2lkaGliZGZIYFJrQHRydX1uY0FJNTVzMTFHVmNsdCcpJ2N3amhWYHdzYHcnP3F3cGApJ2lkfGpwcVF8dWAnPyd2bGtiaWBabHFgaCcpJ2BrZGdpYFVpZGZgbWppYWB3dic%2FcXdwYHgl"
    }
  }
]